name,address,phone
Prime Pacific Law Firm,"11400 W Olympic Blvd #200, Los Angeles, CA 90064, USA",(877) 485-5840
"Law Offices of Kim, Au & Associates, APC","101 S Western Ave, Los Angeles, CA 90004, USA",(213) 252-8008
"The Jacobson Law Firm, LLP","10401 Venice Blvd. #204, Los Angeles, CA 90034, USA",(310) 277-2266
Ofek Law Corporation,"2219 Main St #540, Santa Monica, CA 90405, USA",(424) 238-3811
Law Offices of Nicholas R. Allis,"12121 Wilshire Blvd, Los Angeles, CA 90025, USA",(310) 207-9400
"Law Office of Neil M. Sunkin, a Professional Corporation","22908 Gershwin Dr, Woodland Hills, CA 91364, USA",(818) 876-9975
"Levine Law Firm, APC","2219 Main St, Santa Monica, CA 90405, USA",(818) 600-2873
"Law Offices Of Goldie Schon, APLC","21021 Ventura Blvd #330, Woodland Hills, CA 91364, USA",(818) 514-2525
Beloryan & Manukyan LLP,"15821 Ventura Blvd Suite 520 (East Building, Encino, CA 91436, USA",(747) 444-4444
"RH Law Group, PC","18034 Ventura Blvd, Encino, CA 91316, USA",(213) 423-1002
Andrew T Karlin Law Offices,"1242 3rd Street Promenade, Santa Monica, CA 90401, USA",(310) 451-6120
Kenner Law Firm,"16633 Ventura Blvd, Encino, CA 91436, USA",(818) 995-1195
Pacione Law Firm,"8055 W Manchester Ave #600a, Playa Del Rey, CA 90293, USA",(310) 912-9940
Carol Sobel Law Offices,"3110 Main St #210, Santa Monica, CA 90405, USA",(310) 393-3055
Choulos & Tsoi Law Firm,"520 Broadway St Suite 200, Santa Monica, CA 90401, USA",(310) 589-3963
Meller & Floyd Law Office,"2001 Wilshire Blvd # 200, Santa Monica, CA 90403, USA",(310) 829-0945
Selarz Law,"11777 San Vicente Blvd #702, Los Angeles, CA 90049, USA",(310) 651-8685
Law Offices,"15910 Ventura Blvd Suite 1405, Encino, CA 91436, USA",N/A
"Law Office of Jude A. Akubuilo, Ph.D.","3655 Torrance Blvd STE 300, Torrance, CA 90503, USA",(310) 406-3765
"Law Offices of Roger S. Senders, APC","4264 Overland Ave, Culver City, CA 90230, USA",(310) 815-9788
Law Offices of David A. Welch,"4640 Admiralty Way, Marina Del Rey, CA 90292, USA",(310) 968-5585
"Gevorkyan Law Firm, APLC","15260 Ventura Blvd Suite 1110, Sherman Oaks, CA 91403, USA",(818) 905-0200
Thomas M Polinger Attorney-At-Law,"Hermosa Professional Building, 555 Pier Ave #4, Hermosa Beach, CA 90254, USA",(310) 372-4636
The Law Offices David C. Paquin,"315 11th Pl, Manhattan Beach, CA 90266, USA",(310) 379-5529
David P Baker Law Offices,"13915 Panay Way, Marina Del Rey, CA 90292, USA",(310) 821-4177
Law Offices of Deborah De Niro,"10940 Wilshire Blvd #1600, Los Angeles, CA 90024, USA",(310) 820-5800
"GUROVICH LAW GROUP, APC.","15250 Ventura Blvd #700, Sherman Oaks, CA 91403, USA",(818) 401-4717
Steven W Lazarus Law Offices,"4640 Admiralty Way #500, Marina Del Rey, CA 90292, USA",(310) 496-5758
Pastore Law,"214 Main St #401, El Segundo, CA 90245, USA",(213) 943-3848
Law Office of Colmenares & Tomilowitz,"6080 Center Dr 6th Floor, Los Angeles, CA 90045, USA",(213) 444-1900
Swerdloff,"4640 Admiralty Way, Marina Del Rey, CA 90292, USA",(310) 577-9104
Bridge Legal,"2999 Overland Ave #104, Los Angeles, CA 90064, USA",(888) 576-6988
Law Offices Of Joel C Koury Pc,"3435 Ocean Park Blvd, Santa Monica, CA 90405, USA",(424) 248-8670
Falakassa Law PC - Los Angeles,"1901 Ave of the Stars # 450, Los Angeles, CA 90067, USA",(562) 832-0873
"Law Offices of Bill J. Sayed, APLC","14450 Ventura Blvd, Sherman Oaks, CA 91423, USA",(818) 386-1016
"Law Office of Randall M. Awad, APC","13701 Riverside Dr #410, Sherman Oaks, CA 91423, USA",(888) 813-4529
Law Offices of Jacob H. Khachatryan,"13400 Riverside Dr UNIT 210, Sherman Oaks, CA 91423, USA",(747) 755-5555
Law Office of Steven F. Carvel,"515 N Sepulveda Blvd ste d, Manhattan Beach, CA 90266, USA",(310) 546-4606
Stephen A Wolfson Law Offices,"11949 Jefferson Blvd # 107, Culver City, CA 90230, USA",(310) 822-4117
Law Offices Of Richard A. Fleg,"11600 Washington Pl #216a, Los Angeles, CA 90066, USA",(310) 572-6250
"Ghalchi Law Firm, APC.","1801 Century Park E 24th Floor, Century City, CA 90067, USA",(310) 505-8626
"Martirosyan Law Firm, Inc","12307 Ventura Blvd # 200, Studio City, CA 91604, USA",(818) 409-9977
Law Office of Gevorg Melikyan Inc.,"13400 Riverside Dr Suite 120, Sherman Oaks, CA 91423, USA",(818) 491-8474
Margaret Jones Attorney at Law,"555 Pier Ave, Hermosa Beach, CA 90254, USA",(310) 374-7972
California Law Services,"1117 5th St suite d, Manhattan Beach, CA 90266, USA",(213) 924-3466
Law Offices of Conrad Barrington,"2200 CA-1, Hermosa Beach, CA 90254, USA",(310) 318-3366
Spaulding Lawfirm,"9696 Culver Blvd # 103, Culver City, CA 90232, USA",(310) 287-3510
Law Offices of Glenn D. Hamovitz,"468 N Camden Dr # 200, Beverly Hills, CA 90210, USA",(310) 285-5371
Law Office of Janice Munoz,"707 Torrance Blvd #220, Redondo Beach, CA 90277, USA",(310) 802-6400
Law Office of Ira M Fierberg,"1334 Parkview Ave, Manhattan Beach, CA 90266, USA",(310) 546-8181
Law Office of Hugo Rojas,"704 W Arbor Vitae St, Inglewood, CA 90301, USA",(310) 671-6715
Law Offices of William Spiller Jr.,"5711 W Slauson Ave, Culver City, CA 90230, USA",(310) 215-8727
"Comstock & Sharpe, Inc.","11100 Washington Blvd, Culver City, CA 90232, USA",(310) 559-8820
Nikki Jacobson,"10401 Venice Blvd. #204, Los Angeles, CA 90034, USA",(310) 277-2266
Laurence Lishner Law Offices,"3000 S Robertson Blvd #215, Los Angeles, CA 90034, USA",(323) 870-3311
"Tehrani Law Firm, APC","512 S San Vicente Blvd Suite 4, Los Angeles, CA 90048, USA",(424) 777-0633
Shakarian Law Group,"8605 Santa Monica Blvd #25954, Los Angeles, CA 90069, USA",(323) 940-4006
Derubertis Law Firm,"4219 Coldwater Canyon Ave, Studio City, CA 91604, USA",(818) 761-2322
Law Office of Stanley bowman,"700 N Pacific Coast Hwy, Redondo Beach, CA 90277, USA",N/A
Law Firm of David J. Workman,"21515 Hawthorne Blvd, Torrance, CA 90503, USA",(310) 543-1151
The Cohan Firm,"8549 Wilshire Blvd Suite #222, Beverly Hills, CA 90211, USA",N/A
"Law Office of Neal S. Zaslavsky, APC","8335 W Sunset Blvd Suite 101, West Hollywood, CA 90069, USA",(323) 389-1881
Paul Medved Law Offices,"10950 Moorpark St, Studio City, CA 91602, USA",(818) 763-3305
Vincent Real Law Office,"3625 Del Amo Blvd, Torrance, CA 90503, USA",(310) 921-3322
Edward T Fierstadt Law Offices,"318 E Hillcrest Blvd #1, Inglewood, CA 90301, USA",(310) 671-8329
Marcia Brewer Divorce Attorney,"400 Corporate Pointe #300, Culver City, CA 90230, USA",(310) 670-5325
Carlos Martinez Law Office,"335 W Arbor Vitae St ste 2, Inglewood, CA 90301, USA",(310) 673-7090
Law Offices Of K. Christopher Ghahreman,"8383 Wilshire Blvd #232, Beverly Hills, CA 90211, USA",(310) 341-3456
Cynthia A Ramaker Law Offices,"3424 W Carson St #350, Torrance, CA 90503, USA",(310) 370-3377
Law Offices of Edwin A. Barnum,"2161 W 182nd St #202, Torrance, CA 90504, USA",(310) 213-9097
Law Office of John S. Torii,"7238, 406 Amapola Ave # 125, Torrance, CA 90501, USA",(310) 320-5450
Law Offices of Milton C. Grimes,"3774 W 54th St, Los Angeles, CA 90043, USA",(323) 295-3023
My Lawyer Burbank,"3808 W Riverside Dr #504, Burbank, CA 91505, USA",(818) 574-4442
Law Office of William D. Ayers,"18411 Crenshaw Blvd #360, Torrance, CA 90504, USA",(310) 352-4034
Joan M Miller Law Offices,"8400 Crenshaw Blvd, Inglewood, CA 90305, USA",(323) 752-2486
Law Office Of Lisa F.Williams,"2601 W Martin Luther King Jr Blvd, Los Angeles, CA 90008, USA",N/A
Law Offices of John H. Oh & Associates P.C,"4221 Wilshire Blvd #333, Los Angeles, CA 90010, USA",(323) 456-4406
Law Offices of Cary M. Johnson,"5850 W 3rd St UNIT 102, Los Angeles, CA 90036, USA",(310) 927-2252
Law Offices of Cynthia A de Petris,"1149 N Gower St, Los Angeles, CA 90038, USA",(323) 785-2131
Barmlaw,"2600 W Olive Ave Suite 585, Burbank, CA 91505, USA",(833) 227-6529
Sexual Harassment Law Firm California,"611 Wilshire Blvd Suite 900 #1103, Los Angeles, CA 90017, USA",(213) 328-6410
Alphonso Kimbell Law Offices,"6560 S Western Ave, Los Angeles, CA 90047, USA",(323) 753-4450
Law Firm of Harold Greenberg,"2263 S Harvard Blvd, Los Angeles, CA 90018, USA",(323) 732-9536
Kenneth B Fram Law Offices,"4929 Wilshire Blvd, Los Angeles, CA 90010, USA",(323) 930-8833
Law Offices of Howard R. Lynch II APC,"3700 Wilshire Blvd # 943, Los Angeles, CA 90010, USA",(213) 387-2214
Law Offices of Carl Shaff II,"3470 Wilshire Blvd STE 614, Los Angeles, CA 90010, USA",(213) 383-7111
Law Offices of Alfred Manuel Freitas,"3171 Los Feliz Blvd Suite 301, Los Angeles, CA 90039, USA",(323) 660-0000
